{
  "model": "google/timesfm-2.5-200m-pytorch",
  "series": {
    "label": "event-count",
    "aoi": "global",
    "step_hours": 24.0
  },
  "input": {
    "count": 365,
    "last_observed": "2026-06-05",
    "min": 7.599999904632568,
    "max": 29.299999237060547,
    "mean": 17.84821891784668
  },
  "forecast": {
    "horizon": 30,
    "point": [
      18.11141586303711,
      20.582103729248047,
      21.523954391479492,
      19.013351440429688,
      16.23309326171875,
      14.361871719360352,
      15.082876205444336,
      18.17816162109375,
      20.768795013427734,
      21.525856018066406,
      19.02975845336914,
      16.08935546875,
      14.420692443847656,
      15.180205345153809,
      18.187416076660156,
      20.74128532409668,
      21.617902755737305,
      18.992874145507812,
      15.975591659545898,
      14.330820083618164,
      15.16103744506836,
      18.12725830078125,
      20.677696228027344,
      21.561813354492188,
      18.983909606933594,
      15.996866226196289,
      14.259553909301758,
      15.035926818847656,
      18.065271377563477,
      20.842466354370117
    ],
    "q10": [
      14.357698440551758,
      16.726577758789062,
      17.571094512939453,
      15.164941787719727,
      12.390837669372559,
      10.534097671508789,
      11.20591926574707,
      14.283783912658691,
      16.843198776245117,
      17.604793548583984,
      15.116497039794922,
      12.192035675048828,
      10.572670936584473,
      11.276891708374023,
      14.25385856628418,
      16.75318145751953,
      17.702938079833984,
      15.050166130065918,
      12.06024169921875,
      10.479144096374512,
      11.342918395996094,
      14.292333602905273,
      16.804241180419922,
      17.633583068847656,
      15.014925003051758,
      12.030784606933594,
      10.42764949798584,
      11.173932075500488,
      14.131206512451172,
      16.866968154907227
    ],
    "q90": [
      21.85647964477539,
      24.38045883178711,
      25.327877044677734,
      22.895652770996094,
      20.067001342773438,
      18.195858001708984,
      18.935558319091797,
      22.024658203125,
      24.703266143798828,
      25.449182510375977,
      22.955585479736328,
      19.93155860900879,
      18.283611297607422,
      19.080406188964844,
      22.096254348754883,
      24.6439151763916,
      25.582889556884766,
      22.89546012878418,
      19.940223693847656,
      18.27672004699707,
      19.08418083190918,
      22.005413055419922,
      24.60361099243164,
      25.60897445678711,
      22.94558334350586,
      20.01313018798828,
      18.120899200439453,
      18.93094825744629,
      22.014602661132812,
      24.749391555786133
    ],
    "timestamps": [
      "2026-06-06",
      "2026-06-07",
      "2026-06-08",
      "2026-06-09",
      "2026-06-10",
      "2026-06-11",
      "2026-06-12",
      "2026-06-13",
      "2026-06-14",
      "2026-06-15",
      "2026-06-16",
      "2026-06-17",
      "2026-06-18",
      "2026-06-19",
      "2026-06-20",
      "2026-06-21",
      "2026-06-22",
      "2026-06-23",
      "2026-06-24",
      "2026-06-25",
      "2026-06-26",
      "2026-06-27",
      "2026-06-28",
      "2026-06-29",
      "2026-06-30",
      "2026-07-01",
      "2026-07-02",
      "2026-07-03",
      "2026-07-04",
      "2026-07-05"
    ]
  }
}